machine,capacity,processed,busy_time,utilization
Cutting,1,162,475.35054382996583,0.9903136329790955
Drilling,1,96,467.4870158081399,0.9739312829336249
Assembly,2,96,510.40040190354176,0.5316670853161893
Painting,1,90,217.59543738556977,0.4533238278866037
