scenario,throughput_mean,throughput_std,lead_time_mean,lead_time_std,bottleneck_machine,bottleneck_utilization,implementation_cost,operational_cost,throughput_improvement_%,lead_time_reduction_%,cost_effectiveness
baseline,11.25,2.033572390318738,174.50380050601441,29.05445638834975,Cutting,0.8863373390262979,0,5168.4357348633575,0.0,0.0,0.0
add_drilling,17.166666666666668,1.2261615807968467,119.19344815291079,3.9439758364565796,Cutting,0.9826072430160164,100,3197.689970064786,52.5925925925926,31.69578667783646,0.525925925925926
add_assembly,12.791666666666666,1.3281147875424357,144.50196705035756,17.453800131567043,Cutting,0.9798069042213466,120,3766.4750587004037,13.703703703703699,17.192653322540565,0.1141975308641975
balanced,23.416666666666668,2.0267310845025515,69.56557505528082,7.3674652740081115,Drilling,0.9512299736648662,350,2818.3048824961825,108.14814814814815,60.13520917392101,0.308994708994709
